<billets>
  <billet>
    <billetId>0</billetId>
    <match__id>0</match__id>
    <nomSection>section2</nomSection>
    <nomSiege>siege3</nomSiege>
    <categorie__billet>saison</categorie__billet>
    <categorie__siege>reserve</categorie__siege>
    <prix>120.99</prix>
  </billet>
  <billet>
    <billetId>1</billetId>
    <match__id>1</match__id>
    <nomSection>section3</nomSection>
    <nomSiege>siege23</nomSiege>
    <categorie__billet>saison</categorie__billet>
    <categorie__siege>reserve</categorie__siege>
    <prix>130.95</prix>
  </billet>
  <billet>
    <billetId>2</billetId>
    <match__id>1</match__id>
    <nomSection>section3</nomSection>
    <nomSiege>siege23</nomSiege>
    <categorie__billet>saison</categorie__billet>
    <categorie__siege>general</categorie__siege>
    <prix>150.95</prix>
  </billet>
  <billet>
    <billetId>3</billetId>
    <match__id>1</match__id>
    <nomSection>section3</nomSection>
    <nomSiege>siege23</nomSiege>
    <categorie__billet>saison</categorie__billet>
    <categorie__siege>general</categorie__siege>
    <prix>150.95</prix>
  </billet>
  <billet>
    <billetId>4</billetId>
    <match__id>1</match__id>
    <nomSection>section3</nomSection>
    <nomSiege>siege23</nomSiege>
    <categorie__billet>saison</categorie__billet>
    <categorie__siege>general</categorie__siege>
    <prix>150.95</prix>
  </billet>
  <billet>
    <billetId>5</billetId>
    <match__id>1</match__id>
    <nomSection>section3</nomSection>
    <nomSiege>siege23</nomSiege>
    <categorie__billet>saison</categorie__billet>
    <categorie__siege>general</categorie__siege>
    <prix>150.95</prix>
  </billet>
  <billet>
    <billetId>6</billetId>
    <match__id>1</match__id>
    <nomSection>section3</nomSection>
    <nomSiege>siege23</nomSiege>
    <categorie__billet>saison</categorie__billet>
    <categorie__siege>general</categorie__siege>
    <prix>150.95</prix>
  </billet>
  <billet>
    <billetId>7</billetId>
    <match__id>1</match__id>
    <nomSection>section3</nomSection>
    <nomSiege>siege23</nomSiege>
    <categorie__billet>saison</categorie__billet>
    <categorie__siege>general</categorie__siege>
    <prix>150.95</prix>
  </billet>
  <billet>
    <billetId>8</billetId>
    <match__id>1</match__id>
    <nomSection>section3</nomSection>
    <nomSiege>siege23</nomSiege>
    <categorie__billet>saison</categorie__billet>
    <categorie__siege>general</categorie__siege>
    <prix>150.95</prix>
  </billet>
  <billet>
    <billetId>9</billetId>
    <match__id>1</match__id>
    <nomSection>section3</nomSection>
    <nomSiege>siege23</nomSiege>
    <categorie__billet>saison</categorie__billet>
    <categorie__siege>general</categorie__siege>
    <prix>150.95</prix>
  </billet>
  <billet>
    <billetId>10</billetId>
    <match__id>1</match__id>
    <nomSection>section3</nomSection>
    <nomSiege>siege23</nomSiege>
    <categorie__billet>saison</categorie__billet>
    <categorie__siege>general</categorie__siege>
    <prix>150.95</prix>
  </billet>
  <billet>
    <billetId>11</billetId>
    <match__id>1</match__id>
    <nomSection>section3</nomSection>
    <nomSiege>siege23</nomSiege>
    <categorie__billet>saison</categorie__billet>
    <categorie__siege>general</categorie__siege>
    <prix>150.95</prix>
  </billet>
  <billet>
    <billetId>12</billetId>
    <match__id>1</match__id>
    <nomSection>section5</nomSection>
    <nomSiege>siege23</nomSiege>
    <categorie__billet>unMatch</categorie__billet>
    <categorie__siege>general</categorie__siege>
    <prix>15.95</prix>
  </billet>
  <billet>
    <billetId>13</billetId>
    <match__id>1</match__id>
    <nomSection>section5</nomSection>
    <nomSiege>siege23</nomSiege>
    <categorie__billet>unMatch</categorie__billet>
    <categorie__siege>general</categorie__siege>
    <prix>15.95</prix>
  </billet>
  <billet>
    <billetId>14</billetId>
    <match__id>1</match__id>
    <nomSection>section5</nomSection>
    <nomSiege>siege23</nomSiege>
    <categorie__billet>unMatch</categorie__billet>
    <categorie__siege>general</categorie__siege>
    <prix>15.95</prix>
  </billet>
  <billet>
    <billetId>15</billetId>
    <match__id>1</match__id>
    <nomSection>section5</nomSection>
    <nomSiege>siege23</nomSiege>
    <categorie__billet>unMatch</categorie__billet>
    <categorie__siege>general</categorie__siege>
    <prix>15.95</prix>
  </billet>
  <billet>
    <billetId>16</billetId>
    <match__id>1</match__id>
    <nomSection>section5</nomSection>
    <nomSiege>siege23</nomSiege>
    <categorie__billet>unMatch</categorie__billet>
    <categorie__siege>general</categorie__siege>
    <prix>15.95</prix>
  </billet>
  <billet>
    <billetId>17</billetId>
    <match__id>1</match__id>
    <nomSection>section5</nomSection>
    <nomSiege>siege23</nomSiege>
    <categorie__billet>unMatch</categorie__billet>
    <categorie__siege>general</categorie__siege>
    <prix>15.95</prix>
  </billet>
  <billet>
    <billetId>18</billetId>
    <match__id>1</match__id>
    <nomSection>section5</nomSection>
    <nomSiege>siege23</nomSiege>
    <categorie__billet>unMatch</categorie__billet>
    <categorie__siege>general</categorie__siege>
    <prix>15.95</prix>
  </billet>
  <billet>
    <billetId>19</billetId>
    <match__id>1</match__id>
    <nomSection>section5</nomSection>
    <nomSiege>siege23</nomSiege>
    <categorie__billet>unMatch</categorie__billet>
    <categorie__siege>general</categorie__siege>
    <prix>15.95</prix>
  </billet>
  <billet>
    <billetId>20</billetId>
    <match__id>1</match__id>
    <nomSection>section5</nomSection>
    <nomSiege>siege23</nomSiege>
    <categorie__billet>unMatch</categorie__billet>
    <categorie__siege>general</categorie__siege>
    <prix>15.95</prix>
  </billet>
  <billet>
    <billetId>21</billetId>
    <match__id>1</match__id>
    <nomSection>section5</nomSection>
    <nomSiege>siege23</nomSiege>
    <categorie__billet>unMatch</categorie__billet>
    <categorie__siege>general</categorie__siege>
    <prix>15.95</prix>
  </billet>
  <billet>
    <billetId>22</billetId>
    <match__id>1</match__id>
    <nomSection>section5</nomSection>
    <nomSiege>siege23</nomSiege>
    <categorie__billet>unMatch</categorie__billet>
    <categorie__siege>general</categorie__siege>
    <prix>15.95</prix>
  </billet>
  <billet>
    <billetId>23</billetId>
    <match__id>1</match__id>
    <nomSection>section5</nomSection>
    <nomSiege>siege23</nomSiege>
    <categorie__billet>unMatch</categorie__billet>
    <categorie__siege>general</categorie__siege>
    <prix>15.95</prix>
  </billet>
  <billet>
    <billetId>24</billetId>
    <match__id>1</match__id>
    <nomSection>section5</nomSection>
    <nomSiege>siege23</nomSiege>
    <categorie__billet>unMatch</categorie__billet>
    <categorie__siege>general</categorie__siege>
    <prix>15.95</prix>
  </billet>
  <billet>
    <billetId>25</billetId>
    <match__id>1</match__id>
    <nomSection>section5</nomSection>
    <nomSiege>siege23</nomSiege>
    <categorie__billet>unMatch</categorie__billet>
    <categorie__siege>general</categorie__siege>
    <prix>15.95</prix>
  </billet>
  <billet>
    <billetId>26</billetId>
    <match__id>1</match__id>
    <nomSection>section5</nomSection>
    <nomSiege>siege23</nomSiege>
    <categorie__billet>unMatch</categorie__billet>
    <categorie__siege>general</categorie__siege>
    <prix>15.95</prix>
  </billet>
  <billet>
    <billetId>27</billetId>
    <match__id>3</match__id>
    <nomSection>sectionE</nomSection>
    <nomSiege>siege23</nomSiege>
    <categorie__billet>unMatch</categorie__billet>
    <categorie__siege>general</categorie__siege>
    <prix>16.95</prix>
  </billet>
  <billet>
    <billetId>28</billetId>
    <match__id>3</match__id>
    <nomSection>sectionE</nomSection>
    <nomSiege>siege23</nomSiege>
    <categorie__billet>unMatch</categorie__billet>
    <categorie__siege>general</categorie__siege>
    <prix>16.95</prix>
  </billet>
  <billet>
    <billetId>29</billetId>
    <match__id>3</match__id>
    <nomSection>sectionE</nomSection>
    <nomSiege>siege23</nomSiege>
    <categorie__billet>unMatch</categorie__billet>
    <categorie__siege>general</categorie__siege>
    <prix>16.95</prix>
  </billet>
  <billet>
    <billetId>30</billetId>
    <match__id>3</match__id>
    <nomSection>sectionE</nomSection>
    <nomSiege>siege23</nomSiege>
    <categorie__billet>unMatch</categorie__billet>
    <categorie__siege>general</categorie__siege>
    <prix>16.95</prix>
  </billet>
  <billet>
    <billetId>31</billetId>
    <match__id>3</match__id>
    <nomSection>sectionE</nomSection>
    <nomSiege>siege23</nomSiege>
    <categorie__billet>unMatch</categorie__billet>
    <categorie__siege>general</categorie__siege>
    <prix>16.95</prix>
  </billet>
  <billet>
    <billetId>32</billetId>
    <match__id>3</match__id>
    <nomSection>sectionE</nomSection>
    <nomSiege>siege23</nomSiege>
    <categorie__billet>unMatch</categorie__billet>
    <categorie__siege>general</categorie__siege>
    <prix>16.95</prix>
  </billet>
  <billet>
    <billetId>33</billetId>
    <match__id>3</match__id>
    <nomSection>sectionE</nomSection>
    <nomSiege>siege23</nomSiege>
    <categorie__billet>unMatch</categorie__billet>
    <categorie__siege>general</categorie__siege>
    <prix>16.95</prix>
  </billet>
  <billet>
    <billetId>34</billetId>
    <match__id>3</match__id>
    <nomSection>sectionE</nomSection>
    <nomSiege>siege23</nomSiege>
    <categorie__billet>unMatch</categorie__billet>
    <categorie__siege>general</categorie__siege>
    <prix>16.95</prix>
  </billet>
  <billet>
    <billetId>35</billetId>
    <match__id>3</match__id>
    <nomSection>sectionE</nomSection>
    <nomSiege>siege23</nomSiege>
    <categorie__billet>unMatch</categorie__billet>
    <categorie__siege>general</categorie__siege>
    <prix>16.95</prix>
  </billet>
  <billet>
    <billetId>36</billetId>
    <match__id>3</match__id>
    <nomSection>sectionE</nomSection>
    <nomSiege>siege23</nomSiege>
    <categorie__billet>unMatch</categorie__billet>
    <categorie__siege>general</categorie__siege>
    <prix>16.95</prix>
  </billet>
  <billet>
    <billetId>37</billetId>
    <match__id>3</match__id>
    <nomSection>sectionE</nomSection>
    <nomSiege>siege23</nomSiege>
    <categorie__billet>unMatch</categorie__billet>
    <categorie__siege>general</categorie__siege>
    <prix>16.95</prix>
  </billet>
  <billet>
    <billetId>38</billetId>
    <match__id>3</match__id>
    <nomSection>sectionE</nomSection>
    <nomSiege>siege23</nomSiege>
    <categorie__billet>unMatch</categorie__billet>
    <categorie__siege>general</categorie__siege>
    <prix>16.95</prix>
  </billet>
  <billet>
    <billetId>39</billetId>
    <match__id>3</match__id>
    <nomSection>sectionE</nomSection>
    <nomSiege>siege23</nomSiege>
    <categorie__billet>unMatch</categorie__billet>
    <categorie__siege>general</categorie__siege>
    <prix>16.95</prix>
  </billet>
  <billet>
    <billetId>40</billetId>
    <match__id>3</match__id>
    <nomSection>sectionA</nomSection>
    <nomSiege>siege23</nomSiege>
    <categorie__billet>saison</categorie__billet>
    <categorie__siege>general</categorie__siege>
    <prix>160.95</prix>
  </billet>
  <billet>
    <billetId>41</billetId>
    <match__id>3</match__id>
    <nomSection>sectionA</nomSection>
    <nomSiege>siege23</nomSiege>
    <categorie__billet>saison</categorie__billet>
    <categorie__siege>general</categorie__siege>
    <prix>160.95</prix>
  </billet>
  <billet>
    <billetId>42</billetId>
    <match__id>3</match__id>
    <nomSection>sectionA</nomSection>
    <nomSiege>siege23</nomSiege>
    <categorie__billet>saison</categorie__billet>
    <categorie__siege>general</categorie__siege>
    <prix>160.95</prix>
  </billet>
  <billet>
    <billetId>43</billetId>
    <match__id>3</match__id>
    <nomSection>sectionA</nomSection>
    <nomSiege>siege23</nomSiege>
    <categorie__billet>saison</categorie__billet>
    <categorie__siege>general</categorie__siege>
    <prix>160.95</prix>
  </billet>
  <billet>
    <billetId>44</billetId>
    <match__id>3</match__id>
    <nomSection>sectionA</nomSection>
    <nomSiege>siege23</nomSiege>
    <categorie__billet>saison</categorie__billet>
    <categorie__siege>general</categorie__siege>
    <prix>160.95</prix>
  </billet>
  <billet>
    <billetId>45</billetId>
    <match__id>3</match__id>
    <nomSection>sectionA</nomSection>
    <nomSiege>siege23</nomSiege>
    <categorie__billet>saison</categorie__billet>
    <categorie__siege>general</categorie__siege>
    <prix>160.95</prix>
  </billet>
  <billet>
    <billetId>46</billetId>
    <match__id>3</match__id>
    <nomSection>sectionA</nomSection>
    <nomSiege>siege23</nomSiege>
    <categorie__billet>saison</categorie__billet>
    <categorie__siege>general</categorie__siege>
    <prix>160.95</prix>
  </billet>
  <billet>
    <billetId>47</billetId>
    <match__id>3</match__id>
    <nomSection>sectionA</nomSection>
    <nomSiege>siege23</nomSiege>
    <categorie__billet>saison</categorie__billet>
    <categorie__siege>general</categorie__siege>
    <prix>160.95</prix>
  </billet>
  <billet>
    <billetId>48</billetId>
    <match__id>3</match__id>
    <nomSection>sectionA</nomSection>
    <nomSiege>siege99</nomSiege>
    <categorie__billet>saison</categorie__billet>
    <categorie__siege>reserve</categorie__siege>
    <prix>200.0</prix>
  </billet>
  <billet>
    <billetId>49</billetId>
    <match__id>4</match__id>
    <nomSection>sectionA3</nomSection>
    <nomSiege>siege9</nomSiege>
    <categorie__billet>unMatch</categorie__billet>
    <categorie__siege>reserve</categorie__siege>
    <prix>20.0</prix>
  </billet>
  <billet>
    <billetId>50</billetId>
    <match__id>4</match__id>
    <nomSection>sectionA3</nomSection>
    <nomSiege>siege9</nomSiege>
    <categorie__billet>unMatch</categorie__billet>
    <categorie__siege>general</categorie__siege>
    <prix>20.0</prix>
  </billet>
  <billet>
    <billetId>51</billetId>
    <match__id>4</match__id>
    <nomSection>sectionA3</nomSection>
    <nomSiege>siege9</nomSiege>
    <categorie__billet>unMatch</categorie__billet>
    <categorie__siege>general</categorie__siege>
    <prix>20.0</prix>
  </billet>
  <billet>
    <billetId>52</billetId>
    <match__id>4</match__id>
    <nomSection>sectionA3</nomSection>
    <nomSiege>siege9</nomSiege>
    <categorie__billet>unMatch</categorie__billet>
    <categorie__siege>general</categorie__siege>
    <prix>20.0</prix>
  </billet>
  <billet>
    <billetId>53</billetId>
    <match__id>4</match__id>
    <nomSection>sectionA3</nomSection>
    <nomSiege>siege9</nomSiege>
    <categorie__billet>unMatch</categorie__billet>
    <categorie__siege>general</categorie__siege>
    <prix>20.0</prix>
  </billet>
  <billet>
    <billetId>54</billetId>
    <match__id>4</match__id>
    <nomSection>sectionA3</nomSection>
    <nomSiege>siege9</nomSiege>
    <categorie__billet>saison</categorie__billet>
    <categorie__siege>general</categorie__siege>
    <prix>200.0</prix>
  </billet>
  <billet>
    <billetId>55</billetId>
    <match__id>4</match__id>
    <nomSection>sectionA3</nomSection>
    <nomSiege>siege9</nomSiege>
    <categorie__billet>saison</categorie__billet>
    <categorie__siege>general</categorie__siege>
    <prix>200.0</prix>
  </billet>
  <billet>
    <billetId>56</billetId>
    <match__id>4</match__id>
    <nomSection>sectionA3</nomSection>
    <nomSiege>siege9</nomSiege>
    <categorie__billet>saison</categorie__billet>
    <categorie__siege>general</categorie__siege>
    <prix>200.0</prix>
  </billet>
  <billet>
    <billetId>57</billetId>
    <match__id>4</match__id>
    <nomSection>sectionA3</nomSection>
    <nomSiege>siege9</nomSiege>
    <categorie__billet>saison</categorie__billet>
    <categorie__siege>general</categorie__siege>
    <prix>200.0</prix>
  </billet>
  <billet>
    <billetId>58</billetId>
    <match__id>4</match__id>
    <nomSection>sectionA3</nomSection>
    <nomSiege>siege9</nomSiege>
    <categorie__billet>saison</categorie__billet>
    <categorie__siege>general</categorie__siege>
    <prix>200.0</prix>
  </billet>
  <billet>
    <billetId>59</billetId>
    <match__id>2</match__id>
    <nomSection>sectionB1</nomSection>
    <categorie__billet>saison</categorie__billet>
    <categorie__siege>general</categorie__siege>
    <prix>110.0</prix>
  </billet>
  <billet>
    <billetId>60</billetId>
    <match__id>2</match__id>
    <nomSection>sectionB1</nomSection>
    <categorie__billet>saison</categorie__billet>
    <categorie__siege>general</categorie__siege>
    <prix>110.0</prix>
  </billet>
  <billet>
    <billetId>61</billetId>
    <match__id>2</match__id>
    <nomSection>sectionB1</nomSection>
    <categorie__billet>saison</categorie__billet>
    <categorie__siege>general</categorie__siege>
    <prix>110.0</prix>
  </billet>
  <billet>
    <billetId>62</billetId>
    <match__id>2</match__id>
    <nomSection>sectionB1</nomSection>
    <categorie__billet>saison</categorie__billet>
    <categorie__siege>general</categorie__siege>
    <prix>110.0</prix>
  </billet>
  <billet>
    <billetId>63</billetId>
    <match__id>2</match__id>
    <nomSection>sectionB1</nomSection>
    <categorie__billet>saison</categorie__billet>
    <categorie__siege>general</categorie__siege>
    <prix>110.0</prix>
  </billet>
  <billet>
    <billetId>64</billetId>
    <match__id>2</match__id>
    <nomSection>sectionB1</nomSection>
    <categorie__billet>saison</categorie__billet>
    <categorie__siege>general</categorie__siege>
    <prix>110.0</prix>
  </billet>
  <billet>
    <billetId>65</billetId>
    <match__id>2</match__id>
    <nomSection>sectionB1</nomSection>
    <categorie__billet>saison</categorie__billet>
    <categorie__siege>general</categorie__siege>
    <prix>110.0</prix>
  </billet>
  <billet>
    <billetId>66</billetId>
    <match__id>2</match__id>
    <nomSection>sectionB1</nomSection>
    <categorie__billet>saison</categorie__billet>
    <categorie__siege>general</categorie__siege>
    <prix>110.0</prix>
  </billet>
  <billet>
    <billetId>67</billetId>
    <match__id>2</match__id>
    <nomSection>sectionB1</nomSection>
    <categorie__billet>saison</categorie__billet>
    <categorie__siege>general</categorie__siege>
    <prix>110.0</prix>
  </billet>
  <billet>
    <billetId>68</billetId>
    <match__id>2</match__id>
    <nomSection>sectionB1</nomSection>
    <categorie__billet>saison</categorie__billet>
    <categorie__siege>general</categorie__siege>
    <prix>110.0</prix>
  </billet>
  <billet>
    <billetId>69</billetId>
    <match__id>2</match__id>
    <nomSection>sectionB1</nomSection>
    <categorie__billet>saison</categorie__billet>
    <categorie__siege>general</categorie__siege>
    <prix>110.0</prix>
  </billet>
  <billet>
    <billetId>70</billetId>
    <match__id>2</match__id>
    <nomSection>sectionB1</nomSection>
    <categorie__billet>saison</categorie__billet>
    <categorie__siege>general</categorie__siege>
    <prix>110.0</prix>
  </billet>
  <billet>
    <billetId>71</billetId>
    <match__id>2</match__id>
    <nomSection>sectionB1</nomSection>
    <categorie__billet>saison</categorie__billet>
    <categorie__siege>general</categorie__siege>
    <prix>110.0</prix>
  </billet>
  <billet>
    <billetId>72</billetId>
    <match__id>2</match__id>
    <nomSection>sectionB1</nomSection>
    <categorie__billet>saison</categorie__billet>
    <categorie__siege>general</categorie__siege>
    <prix>110.0</prix>
  </billet>
  <billet>
    <billetId>73</billetId>
    <match__id>2</match__id>
    <nomSection>sectionB1</nomSection>
    <categorie__billet>saison</categorie__billet>
    <categorie__siege>general</categorie__siege>
    <prix>110.0</prix>
  </billet>
  <billet>
    <billetId>74</billetId>
    <match__id>2</match__id>
    <nomSection>sectionB1</nomSection>
    <categorie__billet>saison</categorie__billet>
    <categorie__siege>general</categorie__siege>
    <prix>110.0</prix>
  </billet>
  <billet>
    <billetId>75</billetId>
    <match__id>2</match__id>
    <nomSection>sectionB1</nomSection>
    <categorie__billet>saison</categorie__billet>
    <categorie__siege>general</categorie__siege>
    <prix>110.0</prix>
  </billet>
  <billet>
    <billetId>76</billetId>
    <match__id>2</match__id>
    <nomSection>sectionB1</nomSection>
    <categorie__billet>saison</categorie__billet>
    <categorie__siege>general</categorie__siege>
    <prix>110.0</prix>
  </billet>
  <billet>
    <billetId>77</billetId>
    <match__id>2</match__id>
    <nomSection>sectionB1</nomSection>
    <categorie__billet>saison</categorie__billet>
    <categorie__siege>general</categorie__siege>
    <prix>110.0</prix>
  </billet>
  <billet>
    <billetId>78</billetId>
    <match__id>5</match__id>
    <nomSection>section12</nomSection>
    <categorie__billet>saison</categorie__billet>
    <categorie__siege>general</categorie__siege>
    <prix>100.0</prix>
  </billet>
  <billet>
    <billetId>79</billetId>
    <match__id>5</match__id>
    <nomSection>section12</nomSection>
    <categorie__billet>saison</categorie__billet>
    <categorie__siege>general</categorie__siege>
    <prix>100.0</prix>
  </billet>
  <billet>
    <billetId>80</billetId>
    <match__id>5</match__id>
    <nomSection>section12</nomSection>
    <categorie__billet>saison</categorie__billet>
    <categorie__siege>general</categorie__siege>
    <prix>100.0</prix>
  </billet>
  <billet>
    <billetId>81</billetId>
    <match__id>5</match__id>
    <nomSection>section12</nomSection>
    <categorie__billet>saison</categorie__billet>
    <categorie__siege>general</categorie__siege>
    <prix>100.0</prix>
  </billet>
  <billet>
    <billetId>82</billetId>
    <match__id>5</match__id>
    <nomSection>section12</nomSection>
    <categorie__billet>saison</categorie__billet>
    <categorie__siege>general</categorie__siege>
    <prix>100.0</prix>
  </billet>
  <billet>
    <billetId>83</billetId>
    <match__id>5</match__id>
    <nomSection>section12</nomSection>
    <categorie__billet>saison</categorie__billet>
    <categorie__siege>general</categorie__siege>
    <prix>100.0</prix>
  </billet>
  <billet>
    <billetId>84</billetId>
    <match__id>5</match__id>
    <nomSection>section12</nomSection>
    <categorie__billet>saison</categorie__billet>
    <categorie__siege>general</categorie__siege>
    <prix>100.0</prix>
  </billet>
  <billet>
    <billetId>85</billetId>
    <match__id>5</match__id>
    <nomSection>section12</nomSection>
    <categorie__billet>saison</categorie__billet>
    <categorie__siege>general</categorie__siege>
    <prix>100.0</prix>
  </billet>
  <billet>
    <billetId>86</billetId>
    <match__id>5</match__id>
    <nomSection>section12</nomSection>
    <categorie__billet>saison</categorie__billet>
    <categorie__siege>general</categorie__siege>
    <prix>100.0</prix>
  </billet>
  <billet>
    <billetId>87</billetId>
    <match__id>5</match__id>
    <nomSection>section12</nomSection>
    <categorie__billet>saison</categorie__billet>
    <categorie__siege>general</categorie__siege>
    <prix>100.0</prix>
  </billet>
  <billet>
    <billetId>88</billetId>
    <match__id>5</match__id>
    <nomSection>section12</nomSection>
    <categorie__billet>saison</categorie__billet>
    <categorie__siege>general</categorie__siege>
    <prix>100.0</prix>
  </billet>
  <billet>
    <billetId>89</billetId>
    <match__id>5</match__id>
    <nomSection>section12</nomSection>
    <categorie__billet>saison</categorie__billet>
    <categorie__siege>general</categorie__siege>
    <prix>100.0</prix>
  </billet>
  <billet>
    <billetId>90</billetId>
    <match__id>5</match__id>
    <nomSection>section12</nomSection>
    <categorie__billet>saison</categorie__billet>
    <categorie__siege>general</categorie__siege>
    <prix>100.0</prix>
  </billet>
  <billet>
    <billetId>91</billetId>
    <match__id>5</match__id>
    <nomSection>section12</nomSection>
    <categorie__billet>saison</categorie__billet>
    <categorie__siege>general</categorie__siege>
    <prix>100.0</prix>
  </billet>
  <billet>
    <billetId>92</billetId>
    <match__id>5</match__id>
    <nomSection>section12</nomSection>
    <categorie__billet>saison</categorie__billet>
    <categorie__siege>general</categorie__siege>
    <prix>100.0</prix>
  </billet>
  <billet>
    <billetId>93</billetId>
    <match__id>5</match__id>
    <nomSection>section12</nomSection>
    <categorie__billet>saison</categorie__billet>
    <categorie__siege>general</categorie__siege>
    <prix>100.0</prix>
  </billet>
  <billet>
    <billetId>94</billetId>
    <match__id>5</match__id>
    <nomSection>section12</nomSection>
    <categorie__billet>saison</categorie__billet>
    <categorie__siege>general</categorie__siege>
    <prix>100.0</prix>
  </billet>
  <billet>
    <billetId>95</billetId>
    <match__id>5</match__id>
    <nomSection>section12</nomSection>
    <categorie__billet>saison</categorie__billet>
    <categorie__siege>general</categorie__siege>
    <prix>100.0</prix>
  </billet>
  <billet>
    <billetId>96</billetId>
    <match__id>5</match__id>
    <nomSection>section12</nomSection>
    <categorie__billet>saison</categorie__billet>
    <categorie__siege>general</categorie__siege>
    <prix>100.0</prix>
  </billet>
  <billet>
    <billetId>97</billetId>
    <match__id>5</match__id>
    <nomSection>section12</nomSection>
    <categorie__billet>saison</categorie__billet>
    <categorie__siege>general</categorie__siege>
    <prix>100.0</prix>
  </billet>
  <billet>
    <billetId>98</billetId>
    <match__id>5</match__id>
    <nomSection>section12</nomSection>
    <categorie__billet>saison</categorie__billet>
    <categorie__siege>general</categorie__siege>
    <prix>100.0</prix>
  </billet>
  <billet>
    <billetId>99</billetId>
    <match__id>5</match__id>
    <nomSection>section12</nomSection>
    <categorie__billet>saison</categorie__billet>
    <categorie__siege>general</categorie__siege>
    <prix>100.0</prix>
  </billet>
  <billet>
    <billetId>100</billetId>
    <match__id>5</match__id>
    <nomSection>section12</nomSection>
    <categorie__billet>saison</categorie__billet>
    <categorie__siege>general</categorie__siege>
    <prix>100.0</prix>
  </billet>
  <billet>
    <billetId>101</billetId>
    <match__id>5</match__id>
    <nomSection>section12</nomSection>
    <categorie__billet>saison</categorie__billet>
    <categorie__siege>general</categorie__siege>
    <prix>100.0</prix>
  </billet>
  <billet>
    <billetId>102</billetId>
    <match__id>5</match__id>
    <nomSection>section12</nomSection>
    <categorie__billet>saison</categorie__billet>
    <categorie__siege>general</categorie__siege>
    <prix>100.0</prix>
  </billet>
  <billet>
    <billetId>103</billetId>
    <match__id>5</match__id>
    <nomSection>section12</nomSection>
    <categorie__billet>saison</categorie__billet>
    <categorie__siege>general</categorie__siege>
    <prix>100.0</prix>
  </billet>
  <billet>
    <billetId>104</billetId>
    <match__id>5</match__id>
    <nomSection>section12</nomSection>
    <categorie__billet>saison</categorie__billet>
    <categorie__siege>general</categorie__siege>
    <prix>100.0</prix>
  </billet>
  <billet>
    <billetId>105</billetId>
    <match__id>5</match__id>
    <nomSection>section12</nomSection>
    <categorie__billet>saison</categorie__billet>
    <categorie__siege>general</categorie__siege>
    <prix>100.0</prix>
  </billet>
  <billet>
    <billetId>106</billetId>
    <match__id>5</match__id>
    <nomSection>section12</nomSection>
    <categorie__billet>saison</categorie__billet>
    <categorie__siege>general</categorie__siege>
    <prix>100.0</prix>
  </billet>
  <billet>
    <billetId>107</billetId>
    <match__id>5</match__id>
    <nomSection>section12</nomSection>
    <categorie__billet>saison</categorie__billet>
    <categorie__siege>general</categorie__siege>
    <prix>100.0</prix>
  </billet>
  <billet>
    <billetId>108</billetId>
    <match__id>5</match__id>
    <nomSection>section12</nomSection>
    <categorie__billet>saison</categorie__billet>
    <categorie__siege>general</categorie__siege>
    <prix>100.0</prix>
  </billet>
  <billet>
    <billetId>109</billetId>
    <match__id>5</match__id>
    <nomSection>section12</nomSection>
    <categorie__billet>saison</categorie__billet>
    <categorie__siege>general</categorie__siege>
    <prix>100.0</prix>
  </billet>
  <billet>
    <billetId>110</billetId>
    <match__id>5</match__id>
    <nomSection>section12</nomSection>
    <categorie__billet>saison</categorie__billet>
    <categorie__siege>general</categorie__siege>
    <prix>100.0</prix>
  </billet>
  <billet>
    <billetId>111</billetId>
    <match__id>5</match__id>
    <nomSection>section12</nomSection>
    <categorie__billet>saison</categorie__billet>
    <categorie__siege>general</categorie__siege>
    <prix>100.0</prix>
  </billet>
  <billet>
    <billetId>112</billetId>
    <match__id>5</match__id>
    <nomSection>section12</nomSection>
    <categorie__billet>saison</categorie__billet>
    <categorie__siege>general</categorie__siege>
    <prix>100.0</prix>
  </billet>
  <billet>
    <billetId>113</billetId>
    <match__id>5</match__id>
    <nomSection>section12</nomSection>
    <categorie__billet>saison</categorie__billet>
    <categorie__siege>general</categorie__siege>
    <prix>100.0</prix>
  </billet>
  <billet>
    <billetId>114</billetId>
    <match__id>5</match__id>
    <nomSection>section12</nomSection>
    <categorie__billet>saison</categorie__billet>
    <categorie__siege>general</categorie__siege>
    <prix>100.0</prix>
  </billet>
  <billet>
    <billetId>115</billetId>
    <match__id>5</match__id>
    <nomSection>section12</nomSection>
    <categorie__billet>saison</categorie__billet>
    <categorie__siege>general</categorie__siege>
    <prix>100.0</prix>
  </billet>
  <billet>
    <billetId>116</billetId>
    <match__id>5</match__id>
    <nomSection>section12</nomSection>
    <categorie__billet>saison</categorie__billet>
    <categorie__siege>general</categorie__siege>
    <prix>100.0</prix>
  </billet>
  <billet>
    <billetId>117</billetId>
    <match__id>5</match__id>
    <nomSection>section12</nomSection>
    <categorie__billet>saison</categorie__billet>
    <categorie__siege>general</categorie__siege>
    <prix>100.0</prix>
  </billet>
  <billet>
    <billetId>118</billetId>
    <match__id>5</match__id>
    <nomSection>section12</nomSection>
    <categorie__billet>saison</categorie__billet>
    <categorie__siege>general</categorie__siege>
    <prix>100.0</prix>
  </billet>
  <billet>
    <billetId>119</billetId>
    <match__id>5</match__id>
    <nomSection>section12</nomSection>
    <categorie__billet>saison</categorie__billet>
    <categorie__siege>general</categorie__siege>
    <prix>100.0</prix>
  </billet>
  <billet>
    <billetId>120</billetId>
    <match__id>5</match__id>
    <nomSection>section12</nomSection>
    <categorie__billet>saison</categorie__billet>
    <categorie__siege>general</categorie__siege>
    <prix>100.0</prix>
  </billet>
  <billet>
    <billetId>121</billetId>
    <match__id>5</match__id>
    <nomSection>section12</nomSection>
    <categorie__billet>saison</categorie__billet>
    <categorie__siege>general</categorie__siege>
    <prix>100.0</prix>
  </billet>
  <billet>
    <billetId>122</billetId>
    <match__id>5</match__id>
    <nomSection>section12</nomSection>
    <categorie__billet>saison</categorie__billet>
    <categorie__siege>general</categorie__siege>
    <prix>100.0</prix>
  </billet>
  <billet>
    <billetId>123</billetId>
    <match__id>5</match__id>
    <nomSection>section12</nomSection>
    <categorie__billet>saison</categorie__billet>
    <categorie__siege>general</categorie__siege>
    <prix>100.0</prix>
  </billet>
  <billet>
    <billetId>124</billetId>
    <match__id>5</match__id>
    <nomSection>section12</nomSection>
    <categorie__billet>saison</categorie__billet>
    <categorie__siege>general</categorie__siege>
    <prix>100.0</prix>
  </billet>
  <billet>
    <billetId>125</billetId>
    <match__id>5</match__id>
    <nomSection>section12</nomSection>
    <categorie__billet>saison</categorie__billet>
    <categorie__siege>general</categorie__siege>
    <prix>100.0</prix>
  </billet>
  <billet>
    <billetId>126</billetId>
    <match__id>5</match__id>
    <nomSection>section12</nomSection>
    <categorie__billet>saison</categorie__billet>
    <categorie__siege>general</categorie__siege>
    <prix>100.0</prix>
  </billet>
  <billet>
    <billetId>127</billetId>
    <match__id>5</match__id>
    <nomSection>section12</nomSection>
    <categorie__billet>saison</categorie__billet>
    <categorie__siege>general</categorie__siege>
    <prix>100.0</prix>
  </billet>
  <billet>
    <billetId>128</billetId>
    <match__id>6</match__id>
    <nomSection>section14</nomSection>
    <nomSiege>A23</nomSiege>
    <categorie__billet>unMatch</categorie__billet>
    <categorie__siege>reserve</categorie__siege>
    <prix>20.0</prix>
  </billet>
  <billet>
    <billetId>129</billetId>
    <match__id>6</match__id>
    <nomSection>section10</nomSection>
    <categorie__billet>unMatch</categorie__billet>
    <categorie__siege>general</categorie__siege>
    <prix>15.0</prix>
  </billet>
  <billet>
    <billetId>130</billetId>
    <match__id>6</match__id>
    <nomSection>section10</nomSection>
    <categorie__billet>unMatch</categorie__billet>
    <categorie__siege>general</categorie__siege>
    <prix>15.0</prix>
  </billet>
  <billet>
    <billetId>131</billetId>
    <match__id>6</match__id>
    <nomSection>section10</nomSection>
    <categorie__billet>unMatch</categorie__billet>
    <categorie__siege>general</categorie__siege>
    <prix>15.0</prix>
  </billet>
  <billet>
    <billetId>132</billetId>
    <match__id>6</match__id>
    <nomSection>section10</nomSection>
    <categorie__billet>unMatch</categorie__billet>
    <categorie__siege>general</categorie__siege>
    <prix>15.0</prix>
  </billet>
  <billet>
    <billetId>133</billetId>
    <match__id>6</match__id>
    <nomSection>section10</nomSection>
    <categorie__billet>unMatch</categorie__billet>
    <categorie__siege>general</categorie__siege>
    <prix>15.0</prix>
  </billet>
  <billet>
    <billetId>134</billetId>
    <match__id>6</match__id>
    <nomSection>section10</nomSection>
    <categorie__billet>unMatch</categorie__billet>
    <categorie__siege>general</categorie__siege>
    <prix>15.0</prix>
  </billet>
  <billet>
    <billetId>135</billetId>
    <match__id>6</match__id>
    <nomSection>section10</nomSection>
    <categorie__billet>unMatch</categorie__billet>
    <categorie__siege>general</categorie__siege>
    <prix>15.0</prix>
  </billet>
  <billet>
    <billetId>136</billetId>
    <match__id>6</match__id>
    <nomSection>section10</nomSection>
    <categorie__billet>unMatch</categorie__billet>
    <categorie__siege>general</categorie__siege>
    <prix>15.0</prix>
  </billet>
  <billet>
    <billetId>137</billetId>
    <match__id>6</match__id>
    <nomSection>section10</nomSection>
    <categorie__billet>unMatch</categorie__billet>
    <categorie__siege>general</categorie__siege>
    <prix>15.0</prix>
  </billet>
  <billet>
    <billetId>138</billetId>
    <match__id>6</match__id>
    <nomSection>section10</nomSection>
    <categorie__billet>unMatch</categorie__billet>
    <categorie__siege>general</categorie__siege>
    <prix>15.0</prix>
  </billet>
  <billet>
    <billetId>139</billetId>
    <match__id>6</match__id>
    <nomSection>section10</nomSection>
    <categorie__billet>unMatch</categorie__billet>
    <categorie__siege>general</categorie__siege>
    <prix>15.0</prix>
  </billet>
  <billet>
    <billetId>140</billetId>
    <match__id>6</match__id>
    <nomSection>section10</nomSection>
    <categorie__billet>unMatch</categorie__billet>
    <categorie__siege>general</categorie__siege>
    <prix>15.0</prix>
  </billet>
  <billet>
    <billetId>141</billetId>
    <match__id>6</match__id>
    <nomSection>section10</nomSection>
    <categorie__billet>unMatch</categorie__billet>
    <categorie__siege>general</categorie__siege>
    <prix>15.0</prix>
  </billet>
  <billet>
    <billetId>142</billetId>
    <match__id>6</match__id>
    <nomSection>section10</nomSection>
    <categorie__billet>unMatch</categorie__billet>
    <categorie__siege>general</categorie__siege>
    <prix>15.0</prix>
  </billet>
  <billet>
    <billetId>143</billetId>
    <match__id>6</match__id>
    <nomSection>section10</nomSection>
    <categorie__billet>unMatch</categorie__billet>
    <categorie__siege>general</categorie__siege>
    <prix>15.0</prix>
  </billet>
  <billet>
    <billetId>144</billetId>
    <match__id>6</match__id>
    <nomSection>section10</nomSection>
    <categorie__billet>unMatch</categorie__billet>
    <categorie__siege>general</categorie__siege>
    <prix>15.0</prix>
  </billet>
  <billet>
    <billetId>145</billetId>
    <match__id>6</match__id>
    <nomSection>section10</nomSection>
    <categorie__billet>unMatch</categorie__billet>
    <categorie__siege>general</categorie__siege>
    <prix>15.0</prix>
  </billet>
  <billet>
    <billetId>146</billetId>
    <match__id>6</match__id>
    <nomSection>section10</nomSection>
    <categorie__billet>unMatch</categorie__billet>
    <categorie__siege>general</categorie__siege>
    <prix>15.0</prix>
  </billet>
  <billet>
    <billetId>147</billetId>
    <match__id>6</match__id>
    <nomSection>section10</nomSection>
    <categorie__billet>unMatch</categorie__billet>
    <categorie__siege>general</categorie__siege>
    <prix>15.0</prix>
  </billet>
  <billet>
    <billetId>148</billetId>
    <match__id>6</match__id>
    <nomSection>section10</nomSection>
    <categorie__billet>unMatch</categorie__billet>
    <categorie__siege>general</categorie__siege>
    <prix>15.0</prix>
  </billet>
</billets>