<entites>
  <nomCentreSportif>
    <nom>Colisé Pepsi</nom>
    <ville>Québec</ville>
    <terrains>
      <string>terrain1</string>
      <string>terrain2</string>
      <string>terrain3</string>
      <string>terrain4</string>
      <string>terrain5</string>
    </terrains>
    <sections>
      <string>sectionA</string>
      <string>sectionB</string>
      <string>sectionC</string>
      <string>sectionD</string>
      <string>sectionE</string>
    </sections>
  </nomCentreSportif>
  <nomCentreSportif>
    <nom>Centre Bell</nom>
    <ville>Montréal</ville>
    <terrains>
      <string>terrain1</string>
      <string>terrain2</string>
      <string>terrain3</string>
      <string>terrain4</string>
      <string>terrain5</string>
    </terrains>
    <sections>
      <string>sectionA1</string>
      <string>sectionA3</string>
      <string>sectionB1</string>
      <string>sectionB2</string>
      <string>sectionC1</string>
      <string>sectionC2</string>
    </sections>
  </nomCentreSportif>
  <nomCentreSportif>
    <nom>Stade ULAVAL</nom>
    <ville>Québec</ville>
    <terrains>
      <string>terrain1</string>
      <string>terrain2</string>
      <string>terrain3</string>
      <string>terrain4</string>
      <string>terrain5</string>
    </terrains>
    <sections>
      <string>101</string>
      <string>102</string>
      <string>103</string>
      <string>104</string>
      <string>105</string>
      <string>106</string>
      <string>107</string>
      <string>108</string>
      <string>109</string>
      <string>110</string>
      <string>111</string>
      <string>112</string>
      <string>113</string>
      <string>114</string>
      <string>115</string>
      <string>116</string>
      <string>117</string>
      <string>118</string>
      <string>119</string>
      <string>120</string>
      <string>121</string>
      <string>122</string>
      <string>123</string>
      <string>215</string>
      <string>216</string>
      <string>217</string>
      <string>218</string>
      <string>219</string>
      <string>220</string>
      <string>221</string>
    </sections>
  </nomCentreSportif>
  <nomCentreSportif>
    <nom>Clement-Tremblay</nom>
    <ville>Chandler</ville>
    <terrains>
      <string>terrain1</string>
      <string>terrain2</string>
      <string>terrain3</string>
      <string>terrain4</string>
      <string>terrain5</string>
    </terrains>
    <sections>
      <string>s1</string>
      <string>s2</string>
      <string>s3</string>
      <string>s4</string>
      <string>s5</string>
      <string>s6</string>
    </sections>
  </nomCentreSportif>
</entites>
