<entites>
  <match>
    <matchId>1</matchId>
    <sportType>basketball</sportType>
    <sportSexe>feminin</sportSexe>
    <date>2013-12-24 16:00:00.0 UTC</date>
    <nomCentreSportif>Clément-Tremblay</nomCentreSportif>
    <equipeMaison>Rouge et Or</equipeMaison>
    <equipeVisiteur>Jaune et Mauve</equipeVisiteur>
  </match>
  <match>
    <matchId>3</matchId>
    <sportType>football</sportType>
    <sportSexe>feminin</sportSexe>
    <date>2013-12-29 20:18:00.0 UTC</date>
    <nomCentreSportif>Colisé Pepsi</nomCentreSportif>
    <equipeMaison>Rouge et Or</equipeMaison>
    <equipeVisiteur>Rouge et Bleu</equipeVisiteur>
  </match>
  <match>
    <matchId>4</matchId>
    <sportType>soccer</sportType>
    <sportSexe>masculin</sportSexe>
    <date>2013-12-19 21:00:00.0 UTC</date>
    <nomCentreSportif>Centre Bell</nomCentreSportif>
    <equipeMaison>Rouge et Or</equipeMaison>
    <equipeVisiteur>Pomme et Banane</equipeVisiteur>
  </match>
  <match>
    <matchId>5</matchId>
    <sportType>basketball</sportType>
    <sportSexe>masculin</sportSexe>
    <date>2013-12-27 20:38:00.0 UTC</date>
    <nomCentreSportif>Stade ULAVAL</nomCentreSportif>
    <equipeMaison>Rouge et Or</equipeMaison>
    <equipeVisiteur>Les Pourris</equipeVisiteur>
  </match>
  <match>
    <matchId>6</matchId>
    <sportType>soccer</sportType>
    <sportSexe>feminin</sportSexe>
    <date>2013-12-11 01:00:00.0 UTC</date>
    <nomCentreSportif>Stade ULAVAL</nomCentreSportif>
    <equipeMaison>Rouge et Or</equipeMaison>
    <equipeVisiteur>Vert et Jaune</equipeVisiteur>
  </match>
  <match>
    <matchId>7</matchId>
    <sportType>football</sportType>
    <sportSexe>masculin</sportSexe>
    <date>2013-12-27 05:00:00.0 UTC</date>
    <nomCentreSportif>Stade ULAVAL</nomCentreSportif>
    <equipeMaison>Rouge et or</equipeMaison>
    <equipeVisiteur>Vert et or</equipeVisiteur>
  </match>
  <match>
    <matchId>8</matchId>
    <sportType>volleyball</sportType>
    <sportSexe>feminin</sportSexe>
    <date>2014-01-16 05:22:00.0 UTC</date>
    <nomCentreSportif>Colisé Pepsi</nomCentreSportif>
    <equipeMaison>Blanc et bleu</equipeMaison>
    <equipeVisiteur>Rouge et or</equipeVisiteur>
  </match>
</entites>
