<entites>
  <utilisateur>
    <nomUtilisateur>admin</nomUtilisateur>
    <motDePasse>admin</motDePasse>
    <prenom>b</prenom>
    <nom>a</nom>
    <courriel>c@gmail.com</courriel>
    <preferencesBillets>
      <sportsTypes>
        <string>rugby</string>
        <string>football</string>
        <string>basketball</string>
        <string>soccer</string>
        <string>volleyball</string>
      </sportsTypes>
      <nombreJours>365</nombreJours>
      <categorieSiege>tous</categorieSiege>
      <localSeulement>false</localSeulement>
    </preferencesBillets>
    <infosBancaires>
      <typeCarte>mistercard</typeCarte>
      <numeroCarte>1231 3123 1231 2312</numeroCarte>
      <moisExpiration>09</moisExpiration>
      <anneeExpiration>2015</anneeExpiration>
    </infosBancaires>
  </utilisateur>
  <utilisateur>
    <nomUtilisateur>jfb</nomUtilisateur>
    <motDePasse>jfb</motDePasse>
    <prenom>f</prenom>
    <nom>j</nom>
    <courriel>jfbourget@gmail.com</courriel>
    <preferencesBillets>
      <sportsTypes>
        <string>rugby</string>
        <string>football</string>
        <string>basketball</string>
        <string>soccer</string>
        <string>volleyball</string>
      </sportsTypes>
      <nombreJours>365</nombreJours>
      <categorieSiege>tous</categorieSiege>
      <localSeulement>false</localSeulement>
    </preferencesBillets>
    <infosBancaires>
      <typeCarte>american-espresso</typeCarte>
      <numeroCarte>1211 1122 1111 1111</numeroCarte>
      <moisExpiration>03</moisExpiration>
      <anneeExpiration>2020</anneeExpiration>
    </infosBancaires>
  </utilisateur>
  <utilisateur>
    <nomUtilisateur>givic</nomUtilisateur>
    <motDePasse>givic</motDePasse>
    <prenom>Giovanni</prenom>
    <nom>Victorette</nom>
    <courriel>giovanni.victorette@gmail.com</courriel>
    <preferencesBillets>
      <sportsTypes>
        <string>rugby</string>
        <string>football</string>
        <string>basketball</string>
        <string>soccer</string>
        <string>volleyball</string>
      </sportsTypes>
      <nombreJours>365</nombreJours>
      <categorieSiege>tous</categorieSiege>
      <localSeulement>false</localSeulement>
    </preferencesBillets>
    <infosBancaires>
      <typeCarte>american-espresso</typeCarte>
      <numeroCarte>1211 1122 1111 1111</numeroCarte>
      <moisExpiration>03</moisExpiration>
      <anneeExpiration>2020</anneeExpiration>
    </infosBancaires>
  </utilisateur>
</entites>
