<entites>
  <billetSaison>
    <billetId>3</billetId>
    <nomSection>s5</nomSection>
    <categorie__siege>general</categorie__siege>
    <prix>120.0</prix>
    <nomCentreSportif>Clement-Tremblay</nomCentreSportif>
    <annee>2013</annee>
  </billetSaison>
  <billetSaison>
    <billetId>7</billetId>
    <nomSection>s5</nomSection>
    <categorie__siege>general</categorie__siege>
    <prix>120.0</prix>
    <nomCentreSportif>Clement-Tremblay</nomCentreSportif>
    <annee>2013</annee>
  </billetSaison>
  <billetSaison>
    <billetId>8</billetId>
    <nomSection>s5</nomSection>
    <categorie__siege>general</categorie__siege>
    <prix>120.0</prix>
    <nomCentreSportif>Clement-Tremblay</nomCentreSportif>
    <annee>2013</annee>
  </billetSaison>
  <billetSaison>
    <billetId>9</billetId>
    <nomSection>s5</nomSection>
    <categorie__siege>general</categorie__siege>
    <prix>120.0</prix>
    <nomCentreSportif>Clement-Tremblay</nomCentreSportif>
    <annee>2013</annee>
  </billetSaison>
  <billetSaison>
    <billetId>10</billetId>
    <nomSection>s5</nomSection>
    <categorie__siege>general</categorie__siege>
    <prix>120.0</prix>
    <nomCentreSportif>Clement-Tremblay</nomCentreSportif>
    <annee>2013</annee>
  </billetSaison>
  <billetSaison>
    <billetId>11</billetId>
    <nomSection>s5</nomSection>
    <categorie__siege>general</categorie__siege>
    <prix>120.0</prix>
    <nomCentreSportif>Clement-Tremblay</nomCentreSportif>
    <annee>2013</annee>
  </billetSaison>
  <billetSaison>
    <billetId>63</billetId>
    <nomSection>112</nomSection>
    <nomSiege></nomSiege>
    <categorie__siege>general</categorie__siege>
    <prix>145.0</prix>
    <nomCentreSportif>Stade ULAVAL</nomCentreSportif>
    <annee>2013</annee>
  </billetSaison>
  <billetSaison>
    <billetId>64</billetId>
    <nomSection>120</nomSection>
    <nomSiege></nomSiege>
    <categorie__siege>general</categorie__siege>
    <prix>145.0</prix>
    <nomCentreSportif>Stade ULAVAL</nomCentreSportif>
    <annee>2013</annee>
  </billetSaison>
  <billetSaison>
    <billetId>65</billetId>
    <nomSection>121</nomSection>
    <nomSiege></nomSiege>
    <categorie__siege>general</categorie__siege>
    <prix>145.0</prix>
    <nomCentreSportif>Stade ULAVAL</nomCentreSportif>
    <annee>2013</annee>
  </billetSaison>
  <billetSaison>
    <billetId>66</billetId>
    <nomSection>122</nomSection>
    <nomSiege></nomSiege>
    <categorie__siege>general</categorie__siege>
    <prix>145.0</prix>
    <nomCentreSportif>Stade ULAVAL</nomCentreSportif>
    <annee>2013</annee>
  </billetSaison>
  <billetSaison>
    <billetId>67</billetId>
    <nomSection>123</nomSection>
    <nomSiege></nomSiege>
    <categorie__siege>general</categorie__siege>
    <prix>145.0</prix>
    <nomCentreSportif>Stade ULAVAL</nomCentreSportif>
    <annee>2013</annee>
  </billetSaison>
  <billetSaison>
    <billetId>68</billetId>
    <nomSection>215</nomSection>
    <nomSiege></nomSiege>
    <categorie__siege>general</categorie__siege>
    <prix>145.0</prix>
    <nomCentreSportif>Stade ULAVAL</nomCentreSportif>
    <annee>2013</annee>
  </billetSaison>
  <billetSaison>
    <billetId>69</billetId>
    <nomSection>216</nomSection>
    <nomSiege></nomSiege>
    <categorie__siege>general</categorie__siege>
    <prix>145.0</prix>
    <nomCentreSportif>Stade ULAVAL</nomCentreSportif>
    <annee>2013</annee>
  </billetSaison>
  <billetSaison>
    <billetId>70</billetId>
    <nomSection>217</nomSection>
    <nomSiege></nomSiege>
    <categorie__siege>general</categorie__siege>
    <prix>145.0</prix>
    <nomCentreSportif>Stade ULAVAL</nomCentreSportif>
    <annee>2013</annee>
  </billetSaison>
  <billetSaison>
    <billetId>71</billetId>
    <nomSection>218</nomSection>
    <nomSiege></nomSiege>
    <categorie__siege>general</categorie__siege>
    <prix>145.0</prix>
    <nomCentreSportif>Stade ULAVAL</nomCentreSportif>
    <annee>2013</annee>
  </billetSaison>
  <billetSaison>
    <billetId>72</billetId>
    <nomSection>219</nomSection>
    <nomSiege></nomSiege>
    <categorie__siege>general</categorie__siege>
    <prix>145.0</prix>
    <nomCentreSportif>Stade ULAVAL</nomCentreSportif>
    <annee>2013</annee>
  </billetSaison>
  <billetSaison>
    <billetId>73</billetId>
    <nomSection>220</nomSection>
    <nomSiege></nomSiege>
    <categorie__siege>general</categorie__siege>
    <prix>145.0</prix>
    <nomCentreSportif>Stade ULAVAL</nomCentreSportif>
    <annee>2013</annee>
  </billetSaison>
  <billetSaison>
    <billetId>74</billetId>
    <nomSection>221</nomSection>
    <nomSiege></nomSiege>
    <categorie__siege>general</categorie__siege>
    <prix>145.0</prix>
    <nomCentreSportif>Stade ULAVAL</nomCentreSportif>
    <annee>2013</annee>
  </billetSaison>
  <billetSaison>
    <billetId>75</billetId>
    <nomSection>101</nomSection>
    <nomSiege></nomSiege>
    <categorie__siege>general</categorie__siege>
    <prix>145.0</prix>
    <nomCentreSportif>Stade ULAVAL</nomCentreSportif>
    <annee>2013</annee>
  </billetSaison>
  <billetSaison>
    <billetId>76</billetId>
    <nomSection>102</nomSection>
    <nomSiege></nomSiege>
    <categorie__siege>general</categorie__siege>
    <prix>145.0</prix>
    <nomCentreSportif>Stade ULAVAL</nomCentreSportif>
    <annee>2013</annee>
  </billetSaison>
  <billetSaison>
    <billetId>77</billetId>
    <nomSection>103</nomSection>
    <nomSiege></nomSiege>
    <categorie__siege>general</categorie__siege>
    <prix>145.0</prix>
    <nomCentreSportif>Stade ULAVAL</nomCentreSportif>
    <annee>2013</annee>
  </billetSaison>
  <billetSaison>
    <billetId>78</billetId>
    <nomSection>104</nomSection>
    <nomSiege></nomSiege>
    <categorie__siege>general</categorie__siege>
    <prix>145.0</prix>
    <nomCentreSportif>Stade ULAVAL</nomCentreSportif>
    <annee>2013</annee>
  </billetSaison>
  <billetSaison>
    <billetId>79</billetId>
    <nomSection>105</nomSection>
    <nomSiege></nomSiege>
    <categorie__siege>general</categorie__siege>
    <prix>145.0</prix>
    <nomCentreSportif>Stade ULAVAL</nomCentreSportif>
    <annee>2013</annee>
  </billetSaison>
  <billetSaison>
    <billetId>80</billetId>
    <nomSection>106</nomSection>
    <nomSiege></nomSiege>
    <categorie__siege>general</categorie__siege>
    <prix>145.0</prix>
    <nomCentreSportif>Stade ULAVAL</nomCentreSportif>
    <annee>2013</annee>
  </billetSaison>
  <billetSaison>
    <billetId>81</billetId>
    <nomSection>sectionB</nomSection>
    <nomSiege>B45</nomSiege>
    <categorie__siege>reserve</categorie__siege>
    <prix>233.0</prix>
    <nomCentreSportif>Colisé Pepsi</nomCentreSportif>
    <annee>2014</annee>
  </billetSaison>
  <billetSaison>
    <billetId>82</billetId>
    <nomSection>s1</nomSection>
    <nomSiege></nomSiege>
    <categorie__siege>general</categorie__siege>
    <prix>250.0</prix>
    <nomCentreSportif>Clement-Tremblay</nomCentreSportif>
    <annee>2013</annee>
  </billetSaison>
  <billetSaison>
    <billetId>83</billetId>
    <nomSection>s1</nomSection>
    <nomSiege></nomSiege>
    <categorie__siege>general</categorie__siege>
    <prix>250.0</prix>
    <nomCentreSportif>Clement-Tremblay</nomCentreSportif>
    <annee>2013</annee>
  </billetSaison>
  <billetSaison>
    <billetId>84</billetId>
    <nomSection>s1</nomSection>
    <nomSiege></nomSiege>
    <categorie__siege>general</categorie__siege>
    <prix>250.0</prix>
    <nomCentreSportif>Clement-Tremblay</nomCentreSportif>
    <annee>2013</annee>
  </billetSaison>
  <billetSaison>
    <billetId>85</billetId>
    <nomSection>s1</nomSection>
    <nomSiege></nomSiege>
    <categorie__siege>general</categorie__siege>
    <prix>250.0</prix>
    <nomCentreSportif>Clement-Tremblay</nomCentreSportif>
    <annee>2013</annee>
  </billetSaison>
  <billetSaison>
    <billetId>86</billetId>
    <nomSection>s1</nomSection>
    <nomSiege></nomSiege>
    <categorie__siege>general</categorie__siege>
    <prix>250.0</prix>
    <nomCentreSportif>Clement-Tremblay</nomCentreSportif>
    <annee>2013</annee>
  </billetSaison>
  <billetSaison>
    <billetId>87</billetId>
    <nomSection>s1</nomSection>
    <nomSiege></nomSiege>
    <categorie__siege>general</categorie__siege>
    <prix>250.0</prix>
    <nomCentreSportif>Clement-Tremblay</nomCentreSportif>
    <annee>2013</annee>
  </billetSaison>
  <billetSaison>
    <billetId>88</billetId>
    <nomSection>s1</nomSection>
    <nomSiege></nomSiege>
    <categorie__siege>general</categorie__siege>
    <prix>250.0</prix>
    <nomCentreSportif>Clement-Tremblay</nomCentreSportif>
    <annee>2013</annee>
  </billetSaison>
  <billetSaison>
    <billetId>89</billetId>
    <nomSection>s1</nomSection>
    <nomSiege></nomSiege>
    <categorie__siege>general</categorie__siege>
    <prix>250.0</prix>
    <nomCentreSportif>Clement-Tremblay</nomCentreSportif>
    <annee>2013</annee>
  </billetSaison>
  <billetSaison>
    <billetId>90</billetId>
    <nomSection>s1</nomSection>
    <nomSiege></nomSiege>
    <categorie__siege>general</categorie__siege>
    <prix>250.0</prix>
    <nomCentreSportif>Clement-Tremblay</nomCentreSportif>
    <annee>2013</annee>
  </billetSaison>
  <billetSaison>
    <billetId>91</billetId>
    <nomSection>s1</nomSection>
    <nomSiege></nomSiege>
    <categorie__siege>general</categorie__siege>
    <prix>250.0</prix>
    <nomCentreSportif>Clement-Tremblay</nomCentreSportif>
    <annee>2013</annee>
  </billetSaison>
  <billetSaison>
    <billetId>92</billetId>
    <nomSection>s1</nomSection>
    <nomSiege></nomSiege>
    <categorie__siege>general</categorie__siege>
    <prix>250.0</prix>
    <nomCentreSportif>Clement-Tremblay</nomCentreSportif>
    <annee>2013</annee>
  </billetSaison>
  <billetSaison>
    <billetId>93</billetId>
    <nomSection>s1</nomSection>
    <nomSiege></nomSiege>
    <categorie__siege>general</categorie__siege>
    <prix>250.0</prix>
    <nomCentreSportif>Clement-Tremblay</nomCentreSportif>
    <annee>2013</annee>
  </billetSaison>
  <billetSaison>
    <billetId>94</billetId>
    <nomSection>s1</nomSection>
    <nomSiege></nomSiege>
    <categorie__siege>general</categorie__siege>
    <prix>250.0</prix>
    <nomCentreSportif>Clement-Tremblay</nomCentreSportif>
    <annee>2013</annee>
  </billetSaison>
  <billetSaison>
    <billetId>95</billetId>
    <nomSection>s1</nomSection>
    <nomSiege></nomSiege>
    <categorie__siege>general</categorie__siege>
    <prix>250.0</prix>
    <nomCentreSportif>Clement-Tremblay</nomCentreSportif>
    <annee>2013</annee>
  </billetSaison>
  <billetSaison>
    <billetId>96</billetId>
    <nomSection>s1</nomSection>
    <nomSiege></nomSiege>
    <categorie__siege>general</categorie__siege>
    <prix>250.0</prix>
    <nomCentreSportif>Clement-Tremblay</nomCentreSportif>
    <annee>2013</annee>
  </billetSaison>
  <billetSaison>
    <billetId>97</billetId>
    <nomSection>s1</nomSection>
    <nomSiege></nomSiege>
    <categorie__siege>general</categorie__siege>
    <prix>250.0</prix>
    <nomCentreSportif>Clement-Tremblay</nomCentreSportif>
    <annee>2013</annee>
  </billetSaison>
  <billetSaison>
    <billetId>98</billetId>
    <nomSection>s1</nomSection>
    <nomSiege></nomSiege>
    <categorie__siege>general</categorie__siege>
    <prix>250.0</prix>
    <nomCentreSportif>Clement-Tremblay</nomCentreSportif>
    <annee>2013</annee>
  </billetSaison>
  <billetSaison>
    <billetId>99</billetId>
    <nomSection>s1</nomSection>
    <nomSiege></nomSiege>
    <categorie__siege>general</categorie__siege>
    <prix>250.0</prix>
    <nomCentreSportif>Clement-Tremblay</nomCentreSportif>
    <annee>2013</annee>
  </billetSaison>
  <billetSaison>
    <billetId>100</billetId>
    <nomSection>s1</nomSection>
    <nomSiege></nomSiege>
    <categorie__siege>general</categorie__siege>
    <prix>250.0</prix>
    <nomCentreSportif>Clement-Tremblay</nomCentreSportif>
    <annee>2013</annee>
  </billetSaison>
  <billetSaison>
    <billetId>101</billetId>
    <nomSection>s1</nomSection>
    <nomSiege></nomSiege>
    <categorie__siege>general</categorie__siege>
    <prix>250.0</prix>
    <nomCentreSportif>Clement-Tremblay</nomCentreSportif>
    <annee>2013</annee>
  </billetSaison>
  <billetSaison>
    <billetId>102</billetId>
    <nomSection>s1</nomSection>
    <nomSiege></nomSiege>
    <categorie__siege>general</categorie__siege>
    <prix>250.0</prix>
    <nomCentreSportif>Clement-Tremblay</nomCentreSportif>
    <annee>2013</annee>
  </billetSaison>
  <billetSaison>
    <billetId>103</billetId>
    <nomSection>s1</nomSection>
    <nomSiege></nomSiege>
    <categorie__siege>general</categorie__siege>
    <prix>250.0</prix>
    <nomCentreSportif>Clement-Tremblay</nomCentreSportif>
    <annee>2013</annee>
  </billetSaison>
  <billetSaison>
    <billetId>104</billetId>
    <nomSection>s1</nomSection>
    <nomSiege></nomSiege>
    <categorie__siege>general</categorie__siege>
    <prix>250.0</prix>
    <nomCentreSportif>Clement-Tremblay</nomCentreSportif>
    <annee>2013</annee>
  </billetSaison>
  <billetSaison>
    <billetId>105</billetId>
    <nomSection>s1</nomSection>
    <nomSiege></nomSiege>
    <categorie__siege>general</categorie__siege>
    <prix>250.0</prix>
    <nomCentreSportif>Clement-Tremblay</nomCentreSportif>
    <annee>2013</annee>
  </billetSaison>
  <billetSaison>
    <billetId>108</billetId>
    <nomSection>---</nomSection>
    <nomSiege></nomSiege>
    <categorie__siege>general</categorie__siege>
    <prix>232.0</prix>
    <nomCentreSportif>Centre Bell</nomCentreSportif>
    <annee>2009</annee>
  </billetSaison>
  <billetSaison>
    <billetId>109</billetId>
    <nomSection>---</nomSection>
    <nomSiege></nomSiege>
    <categorie__siege>general</categorie__siege>
    <prix>232.0</prix>
    <nomCentreSportif>Centre Bell</nomCentreSportif>
    <annee>2009</annee>
  </billetSaison>
  <billetSaison>
    <billetId>111</billetId>
    <nomSection>---</nomSection>
    <nomSiege></nomSiege>
    <categorie__siege>general</categorie__siege>
    <prix>13.0</prix>
    <nomCentreSportif>Stade ULAVAL</nomCentreSportif>
    <annee>2014</annee>
  </billetSaison>
</entites>