<entites>
  <billetUnMatch>
    <billetId>12</billetId>
    <nomSection>sectionC1</nomSection>
    <nomSiege>A4</nomSiege>
    <categorie__siege>reserve</categorie__siege>
    <prix>23.0</prix>
    <match__id>4</match__id>
  </billetUnMatch>
  <billetUnMatch>
    <billetId>14</billetId>
    <nomSection>111</nomSection>
    <categorie__siege>general</categorie__siege>
    <prix>122.0</prix>
    <match__id>6</match__id>
  </billetUnMatch>
  <billetUnMatch>
    <billetId>15</billetId>
    <nomSection>111</nomSection>
    <categorie__siege>general</categorie__siege>
    <prix>122.0</prix>
    <match__id>6</match__id>
  </billetUnMatch>
  <billetUnMatch>
    <billetId>16</billetId>
    <nomSection>111</nomSection>
    <categorie__siege>general</categorie__siege>
    <prix>122.0</prix>
    <match__id>6</match__id>
  </billetUnMatch>
  <billetUnMatch>
    <billetId>17</billetId>
    <nomSection>111</nomSection>
    <categorie__siege>general</categorie__siege>
    <prix>122.0</prix>
    <match__id>6</match__id>
  </billetUnMatch>
  <billetUnMatch>
    <billetId>18</billetId>
    <nomSection>111</nomSection>
    <categorie__siege>general</categorie__siege>
    <prix>122.0</prix>
    <match__id>6</match__id>
  </billetUnMatch>
  <billetUnMatch>
    <billetId>19</billetId>
    <nomSection>111</nomSection>
    <categorie__siege>general</categorie__siege>
    <prix>122.0</prix>
    <match__id>6</match__id>
  </billetUnMatch>
  <billetUnMatch>
    <billetId>20</billetId>
    <nomSection>111</nomSection>
    <categorie__siege>general</categorie__siege>
    <prix>122.0</prix>
    <match__id>6</match__id>
  </billetUnMatch>
  <billetUnMatch>
    <billetId>21</billetId>
    <nomSection>111</nomSection>
    <categorie__siege>general</categorie__siege>
    <prix>122.0</prix>
    <match__id>6</match__id>
  </billetUnMatch>
  <billetUnMatch>
    <billetId>22</billetId>
    <nomSection>111</nomSection>
    <categorie__siege>general</categorie__siege>
    <prix>122.0</prix>
    <match__id>6</match__id>
  </billetUnMatch>
  <billetUnMatch>
    <billetId>23</billetId>
    <nomSection>111</nomSection>
    <categorie__siege>general</categorie__siege>
    <prix>122.0</prix>
    <match__id>6</match__id>
  </billetUnMatch>
  <billetUnMatch>
    <billetId>24</billetId>
    <nomSection>111</nomSection>
    <categorie__siege>general</categorie__siege>
    <prix>122.0</prix>
    <match__id>6</match__id>
  </billetUnMatch>
  <billetUnMatch>
    <billetId>25</billetId>
    <nomSection>114</nomSection>
    <nomSiege></nomSiege>
    <categorie__siege>general</categorie__siege>
    <prix>50.0</prix>
    <match__id>7</match__id>
  </billetUnMatch>
  <billetUnMatch>
    <billetId>26</billetId>
    <nomSection>114</nomSection>
    <nomSiege></nomSiege>
    <categorie__siege>general</categorie__siege>
    <prix>50.0</prix>
    <match__id>7</match__id>
  </billetUnMatch>
  <billetUnMatch>
    <billetId>27</billetId>
    <nomSection>114</nomSection>
    <nomSiege></nomSiege>
    <categorie__siege>general</categorie__siege>
    <prix>50.0</prix>
    <match__id>7</match__id>
  </billetUnMatch>
  <billetUnMatch>
    <billetId>28</billetId>
    <nomSection>114</nomSection>
    <nomSiege></nomSiege>
    <categorie__siege>general</categorie__siege>
    <prix>50.0</prix>
    <match__id>7</match__id>
  </billetUnMatch>
  <billetUnMatch>
    <billetId>29</billetId>
    <nomSection>114</nomSection>
    <nomSiege></nomSiege>
    <categorie__siege>general</categorie__siege>
    <prix>50.0</prix>
    <match__id>7</match__id>
  </billetUnMatch>
  <billetUnMatch>
    <billetId>30</billetId>
    <nomSection>114</nomSection>
    <nomSiege></nomSiege>
    <categorie__siege>general</categorie__siege>
    <prix>50.0</prix>
    <match__id>7</match__id>
  </billetUnMatch>
  <billetUnMatch>
    <billetId>31</billetId>
    <nomSection>114</nomSection>
    <nomSiege></nomSiege>
    <categorie__siege>general</categorie__siege>
    <prix>50.0</prix>
    <match__id>7</match__id>
  </billetUnMatch>
  <billetUnMatch>
    <billetId>32</billetId>
    <nomSection>114</nomSection>
    <nomSiege></nomSiege>
    <categorie__siege>general</categorie__siege>
    <prix>50.0</prix>
    <match__id>7</match__id>
  </billetUnMatch>
  <billetUnMatch>
    <billetId>33</billetId>
    <nomSection>114</nomSection>
    <nomSiege></nomSiege>
    <categorie__siege>general</categorie__siege>
    <prix>50.0</prix>
    <match__id>7</match__id>
  </billetUnMatch>
  <billetUnMatch>
    <billetId>34</billetId>
    <nomSection>114</nomSection>
    <nomSiege></nomSiege>
    <categorie__siege>general</categorie__siege>
    <prix>50.0</prix>
    <match__id>7</match__id>
  </billetUnMatch>
  <billetUnMatch>
    <billetId>35</billetId>
    <nomSection>114</nomSection>
    <nomSiege></nomSiege>
    <categorie__siege>general</categorie__siege>
    <prix>50.0</prix>
    <match__id>7</match__id>
  </billetUnMatch>
  <billetUnMatch>
    <billetId>36</billetId>
    <nomSection>114</nomSection>
    <nomSiege></nomSiege>
    <categorie__siege>general</categorie__siege>
    <prix>50.0</prix>
    <match__id>7</match__id>
  </billetUnMatch>
  <billetUnMatch>
    <billetId>37</billetId>
    <nomSection>114</nomSection>
    <nomSiege></nomSiege>
    <categorie__siege>general</categorie__siege>
    <prix>50.0</prix>
    <match__id>7</match__id>
  </billetUnMatch>
  <billetUnMatch>
    <billetId>38</billetId>
    <nomSection>114</nomSection>
    <nomSiege></nomSiege>
    <categorie__siege>general</categorie__siege>
    <prix>50.0</prix>
    <match__id>7</match__id>
  </billetUnMatch>
  <billetUnMatch>
    <billetId>39</billetId>
    <nomSection>sectionC</nomSection>
    <nomSiege>A67</nomSiege>
    <categorie__siege>reserve</categorie__siege>
    <prix>25.0</prix>
    <match__id>8</match__id>
  </billetUnMatch>
  <billetUnMatch>
    <billetId>61</billetId>
    <nomSection>119</nomSection>
    <nomSiege></nomSiege>
    <categorie__siege>general</categorie__siege>
    <prix>56.0</prix>
    <match__id>5</match__id>
  </billetUnMatch>
  <billetUnMatch>
    <billetId>62</billetId>
    <nomSection>119</nomSection>
    <nomSiege></nomSiege>
    <categorie__siege>general</categorie__siege>
    <prix>56.0</prix>
    <match__id>5</match__id>
  </billetUnMatch>
  <billetUnMatch>
    <billetId>106</billetId>
    <nomSection>sectionB2</nomSection>
    <nomSiege>Asas12</nomSiege>
    <categorie__siege>reserve</categorie__siege>
    <prix>0.0</prix>
    <match__id>4</match__id>
  </billetUnMatch>
  <billetUnMatch>
    <billetId>107</billetId>
    <nomSection>---</nomSection>
    <nomSiege></nomSiege>
    <categorie__siege>general</categorie__siege>
    <prix>190.0</prix>
    <match__id>8</match__id>
  </billetUnMatch>
  <billetUnMatch>
    <billetId>112</billetId>
    <nomSection>102</nomSection>
    <nomSiege>43</nomSiege>
    <categorie__siege>reserve</categorie__siege>
    <prix>13.0</prix>
    <match__id>5</match__id>
  </billetUnMatch>
  <billetUnMatch>
    <billetId>113</billetId>
    <nomSection>---</nomSection>
    <nomSiege></nomSiege>
    <categorie__siege>general</categorie__siege>
    <prix>12.0</prix>
    <match__id>6</match__id>
  </billetUnMatch>
  <billetUnMatch>
    <billetId>114</billetId>
    <nomSection>---</nomSection>
    <nomSiege></nomSiege>
    <categorie__siege>general</categorie__siege>
    <prix>12.0</prix>
    <match__id>6</match__id>
  </billetUnMatch>
  <billetUnMatch>
    <billetId>115</billetId>
    <nomSection>---</nomSection>
    <nomSiege></nomSiege>
    <categorie__siege>general</categorie__siege>
    <prix>12.0</prix>
    <match__id>6</match__id>
  </billetUnMatch>
  <billetUnMatch>
    <billetId>116</billetId>
    <nomSection>---</nomSection>
    <nomSiege></nomSiege>
    <categorie__siege>general</categorie__siege>
    <prix>231.0</prix>
    <match__id>5</match__id>
  </billetUnMatch>
  <billetUnMatch>
    <billetId>118</billetId>
    <nomSection>---</nomSection>
    <nomSiege></nomSiege>
    <categorie__siege>general</categorie__siege>
    <prix>222.0</prix>
    <match__id>5</match__id>
  </billetUnMatch>
  <billetUnMatch>
    <billetId>119</billetId>
    <nomSection>---</nomSection>
    <nomSiege></nomSiege>
    <categorie__siege>general</categorie__siege>
    <prix>222.0</prix>
    <match__id>5</match__id>
  </billetUnMatch>
</entites>