<entites>
  <utilisateur>
    <nomUtilisateur>admin</nomUtilisateur>
    <motDePasse>admin</motDePasse>
    <prenom>b</prenom>
    <nom>a</nom>
    <courriel>c@gmail.com</courriel>
    <preferencesBillets>
      <sportsTypes>
        <string>rugby</string>
        <string>football</string>
        <string>basketball</string>
        <string>soccer</string>
        <string>volleyball</string>
      </sportsTypes>
      <nombreJours>365</nombreJours>
      <categorieSiege>tous</categorieSiege>
      <localSeulement>false</localSeulement>
    </preferencesBillets>
    <infosBancaires>
      <typeCarte>mistercard</typeCarte>
      <numeroCarte>1231 3123 1231 2312</numeroCarte>
      <moisExpiration>09</moisExpiration>
      <anneeExpiration>2015</anneeExpiration>
    </infosBancaires>
  </utilisateur>
  <utilisateur>
    <nomUtilisateur>jfb</nomUtilisateur>
    <motDePasse>jfb</motDePasse>
    <prenom>Jean-Francois</prenom>
    <nom>Bourget</nom>
    <courriel>jfbourget@gmail.com</courriel>
    <preferencesBillets>
      <sportsTypes>
        <string>rugby</string>
        <string>football</string>
        <string>basketball</string>
        <string>volleyball</string>
      </sportsTypes>
      <nombreJours>365</nombreJours>
      <categorieSiege>tous</categorieSiege>
      <localSeulement>false</localSeulement>
    </preferencesBillets>
    <infosBancaires>
      <typeCarte>american-espresso</typeCarte>
      <numeroCarte>1211 1122 1111 1111</numeroCarte>
      <moisExpiration>03</moisExpiration>
      <anneeExpiration>2020</anneeExpiration>
    </infosBancaires>
  </utilisateur>
  <utilisateur>
    <nomUtilisateur>givic</nomUtilisateur>
    <motDePasse>givic</motDePasse>
    <prenom>Giovanni</prenom>
    <nom>Victorette</nom>
    <courriel>giovanni.victorette@gmail.com</courriel>
    <preferencesBillets>
      <sportsTypes>
        <string>rugby</string>
        <string>football</string>
        <string>basketball</string>
        <string>soccer</string>
        <string>volleyball</string>
      </sportsTypes>
      <nombreJours>365</nombreJours>
      <categorieSiege>tous</categorieSiege>
      <localSeulement>false</localSeulement>
    </preferencesBillets>
    <infosBancaires>
      <typeCarte>american-espresso</typeCarte>
      <numeroCarte>1211 1122 1111 1111</numeroCarte>
      <moisExpiration>03</moisExpiration>
      <anneeExpiration>2020</anneeExpiration>
    </infosBancaires>
  </utilisateur>
  <utilisateur>
    <nomUtilisateur>givic</nomUtilisateur>
    <motDePasse>givic</motDePasse>
    <prenom>Giovanni</prenom>
    <nom>Victorette</nom>
    <courriel>giovanni.victorette@gmail.com</courriel>
    <preferencesBillets>
      <sportsTypes>
        <string>rugby</string>
        <string>football</string>
        <string>basketball</string>
        <string>soccer</string>
        <string>volleyball</string>
      </sportsTypes>
      <nombreJours>365</nombreJours>
      <categorieSiege>tous</categorieSiege>
      <localSeulement>false</localSeulement>
    </preferencesBillets>
    <infosBancaires>
      <typeCarte>american-espresso</typeCarte>
      <numeroCarte>1211 1122 1111 1111</numeroCarte>
      <moisExpiration>03</moisExpiration>
      <anneeExpiration>2020</anneeExpiration>
    </infosBancaires>
  </utilisateur>
  <utilisateur>
    <nomUtilisateur>a</nomUtilisateur>
    <motDePasse>a</motDePasse>
    <prenom>a</prenom>
    <nom>a</nom>
    <courriel>a</courriel>
    <preferencesBillets>
      <sportsTypes>
        <string>soccer</string>
        <string>football</string>
        <string>basketball</string>
        <string>rubgy</string>
        <string>volleyball</string>
      </sportsTypes>
      <nombreJours>365</nombreJours>
      <categorieSiege>tous</categorieSiege>
      <localSeulement>false</localSeulement>
    </preferencesBillets>
    <infosBancaires>
      <typeCarte>vasi</typeCarte>
      <numeroCarte>1123 1231 2312 3123</numeroCarte>
      <moisExpiration>06</moisExpiration>
      <anneeExpiration>2222</anneeExpiration>
    </infosBancaires>
    <billetsRevente>
      <string>116</string>
      <string>118</string>
      <string>119</string>
      <string>120</string>
    </billetsRevente>
  </utilisateur>
</entites>